{
  "parent": "minecraft:recipes/root",
  "criteria": {
    "has_the_recipe": {
      "trigger": "minecraft:recipe_unlocked",
      "conditions": {
        "recipe": "diamond_recycling:recycle_armor_and_trims_to_diamonds"
      }
    },
    "has_diamond": {
      "trigger": "minecraft:inventory_changed",
      "conditions": {
        "items": [
          {
            "items": [
              "minecraft:diamond"
            ]
          }
        ]
      }
    }
  },
  "requirements": [
    [
      "has_the_recipe",
      "has_diamond"
    ]
  ],
  "rewards": {
    "recipes": [
      "diamond_recycling:recycle_armor_and_trims_to_diamonds",
      "diamond_recycling:recycle_tools_to_diamonds"
    ]
  }
}
